ride_duration,count
0,1727
1,3345
2,4788
3,2638
4,2141
5,2072
6,1885
7,1777
8,1662
9,1516
10,1530
11,1443
12,1418
13,1344
14,1343
15,1319
16,1325
17,1309
18,1374
19,1319
20,1327
21,1346
22,1318
23,1401
24,1342
25,1376
26,1391
27,1444
28,1496
29,1584
30,1619
31,1747
32,1774
33,1863
34,1933
35,2014
36,2133
37,2121
38,2153
39,2092
40,2168
41,2008
42,2236
43,2202
44,2204
45,2250
46,2132
47,2242
48,2236
49,2150
50,2333
51,2411
52,2323
53,2496
54,2557
55,2426
56,2466
57,2535
58,2652
59,2741
60,6400
61,27275
62,30903
63,31229
64,31681
65,32266
66,32822
67,32644
68,33429
69,33481
70,34012
71,35115
72,35097
73,35758
74,35822
75,36714
76,36689
77,37350
78,37405
79,38431
80,38429
81,38884
82,39828
83,39969
84,40642
85,41167
86,41552
87,41651
88,42847
89,43469
90,44358
91,44379
92,45246
93,45285
94,46456
95,46391
96,47942
97,47901
98,48453
99,49273
100,49882
101,50730
102,49631
103,51918
104,52141
105,52485
106,53171
107,53253
108,54445
109,54710
110,56101
111,56102
112,56770
113,57236
114,58193
115,58181
116,59348
117,59455
118,60645
119,61216
120,61973
121,62202
122,62502
123,63380
124,63904
125,64341
126,64926
127,65994
128,66050
129,66279
130,67515
131,68487
132,69199
133,69258
134,69784
135,70535
136,70613
137,70986
138,72054
139,72617
140,72892
141,72973
142,74242
143,75249
144,75666
145,75958
146,75819
147,76505
148,77023
149,77208
150,77845
151,78427
152,79470
153,79931
154,79982
155,80267
156,80646
157,81006
158,81752
159,82710
160,82561
161,83469
162,84347
163,84139
164,85222
165,85500
166,85174
167,85602
168,87242
169,86883
170,87934
171,87869
172,88442
173,89307
174,89406
175,90099
176,89836
177,89976
178,90671
179,91045
180,91439
181,90835
182,92646
183,92602
184,91905
185,93204
186,92741
187,93932
188,94214
189,94384
190,95111
191,95568
192,95632
193,95461
194,96908
195,96579
196,97040
197,97330
198,97326
199,97043
200,97894
201,98143
202,98471
203,98785
204,98804
205,99192
206,100448
207,100099
208,100196
209,101193
210,100937
211,101130
212,100024
213,101043
214,102887
215,102165
216,102672
217,102772
218,102575
219,103151
220,103999
221,102162
222,103389
223,103110
224,104586
225,103361
226,104259
227,104777
228,104045
229,104598
230,105409
231,103667
232,105587
233,105079
234,105242
235,105939
236,106836
237,106019
238,105692
239,106917
240,106334
241,107232
242,106806
243,106089
244,107316
245,106519
246,107222
247,107563
248,107708
249,107734
250,107229
251,107948
252,108981
253,107631
254,107602
255,107124
256,109074
257,108349
258,108691
259,108869
260,109326
261,108302
262,108624
263,108934
264,109004
265,109042
266,109082
267,107899
268,109030
269,109359
270,108723
271,109317
272,109535
273,109304
274,109470
275,108551
276,109551
277,108664
278,109522
279,108416
280,109298
281,109271
282,108881
283,108468
284,110004
285,109585
286,109336
287,109889
288,109430
289,108741
290,109207
291,109354
292,109591
293,109137
294,109636
295,108814
296,110261
297,109612
298,109146
299,109470
300,109275
301,109497
302,109736
303,108733
304,108903
305,108458
306,109500
307,109434
308,109134
309,108854
310,108335
311,109291
312,108318
313,109345
314,108851
315,107558
316,108591
317,108202
318,108947
319,108095
320,107438
321,107877
322,108693
323,108281
324,108099
325,107429
326,107652
327,107188
328,107802
329,107280
330,108131
331,106926
332,107624
333,107596
334,108246
335,106625
336,107667
337,107832
338,107474
339,106195
340,107951
341,106778
342,106757
343,105786
344,106242
345,106535
346,105629
347,106133
348,107274
349,106128
350,107031
351,105724
352,105437
353,105258
354,105894
355,105390
356,105495
357,105263
358,104895
359,104457
360,105373
361,103653
362,105072
363,104033
364,103695
365,104543
366,104324
367,103771
368,104328
369,103896
370,103172
371,102942
372,102842
373,103395
374,103211
375,103472
376,103244
377,102660
378,102718
379,103531
380,102242
381,101875
382,101701
383,102244
384,101176
385,100758
386,101718
387,101218
388,101700
389,101085
390,101030
391,101428
392,100882
393,101301
394,100454
395,99784
396,100809
397,100051
398,99851
399,98840
400,100012
401,99848
402,99256
403,99830
404,98541
405,98950
406,98288
407,98980
408,98523
409,98473
410,98341
411,97295
412,97111
413,97316
414,97370
415,97216
416,97283
417,96769
418,97559
419,96174
420,97538
421,95505
422,95960
423,95819
424,96575
425,96179
426,95635
427,95679
428,96322
429,93982
430,95711
431,95099
432,94530
433,94460
434,94727
435,94179
436,94296
437,93696
438,93614
439,94525
440,93028
441,93830
442,93712
443,93023
444,92921
445,93030
446,92736
447,92202
448,92295
449,91870
450,92578
451,91540
452,91888
453,90973
454,92073
455,90790
456,91416
457,91015
458,90963
459,90926
460,89801
461,90476
462,90530
463,90025
464,90360
465,89447
466,89732
467,89579
468,89947
469,90192
470,88615
471,88199
472,88190
473,88349
474,88626
475,88299
476,87743
477,87873
478,87704
479,86621
480,88189
481,87276
482,87309
483,87358
484,87420
485,87035
486,87045
487,85874
488,86171
489,86628
490,86314
491,85535
492,84894
493,85329
494,85109
495,85322
496,85063
497,85232
498,84899
499,83946
500,84837
501,83786
502,84111
503,83562
504,83722
505,83197
506,83618
507,83245
508,83282
509,82813
510,83115
511,82995
512,83041
513,81933
514,81907
515,81788
516,81941
517,81843
518,81019
519,80760
520,81518
521,81319
522,80756
523,80789
524,80101
525,80244
526,81033
527,80528
528,79837
529,79527
530,79433
531,78627
532,79580
533,78507
534,79277
535,79153
536,79978
537,78903
538,78385
539,78549
540,78540
541,77856
542,78453
543,78149
544,77906
545,77931
546,77870
547,77389
548,77012
549,77154
550,76975
551,76498
552,77572
553,76281
554,76876
555,76105
556,75792
557,76321
558,75699
559,76224
560,75373
561,75213
562,75063
563,74465
564,74200
565,73813
566,74516
567,74057
568,73896
569,74020
570,74452
571,73345
572,73605
573,73490
574,74324
575,73161
576,73577
577,73123
578,71996
579,73728
580,72441
581,72491
582,72974
583,72646
584,71504
585,71909
586,71261
587,71591
588,71729
589,71306
590,71401
591,71149
592,70908
593,70071
594,70590
595,70355
596,70424
597,69820
598,70001
599,70984
600,69956
601,69515
602,69586
603,68765
604,69522
605,68522
606,69031
607,68502
608,68731
609,67358
610,68765
611,68825
612,68540
613,68539
614,67995
615,67925
616,67490
617,67398
618,67590
619,67010
620,67134
621,66819
622,67338
623,66766
624,66548
625,66610
626,66359
627,65648
628,66588
629,66060
630,65921
631,65065
632,66155
633,65978
634,64908
635,65402
636,65218
637,64704
638,64762
639,64849
640,64315
641,64123
642,64262
643,63748
644,64187
645,64393
646,63707
647,63729
648,63922
649,63363
650,63547
651,63496
652,63682
653,62924
654,62562
655,62585
656,62419
657,62384
658,62461
659,62518
660,62099
661,62068
662,61976
663,61617
664,61312
665,61892
666,61398
667,60794
668,60926
669,60560
670,60706
671,61078
672,60484
673,59865
674,60033
675,60153
676,60675
677,60013
678,59508
679,60317
680,60048
681,60038
682,59040
683,59558
684,59507
685,58788
686,59218
687,58659
688,58561
689,58900
690,57731
691,58394
692,57622
693,58870
694,58013
695,58391
696,57821
697,57932
698,57869
699,57739
700,57616
701,57134
702,56301
703,56915
704,57454
705,57146
706,56510
707,56432
708,56241
709,55963
710,56394
711,55805
712,55583
713,55666
714,55720
715,55539
716,55639
717,54932
718,55520
719,55287
720,55448
721,55351
722,54799
723,54938
724,54855
725,54461
726,55319
727,54378
728,54041
729,54347
730,54534
731,53501
732,53822
733,54568
734,53749
735,53898
736,53711
737,53284
738,53003
739,53045
740,52873
741,53060
742,53561
743,52660
744,52956
745,52826
746,52432
747,52164
748,52045
749,52068
750,51449
751,51543
752,52366
753,52193
754,52090
755,51782
756,51563
757,51426
758,51584
759,51148
760,51314
761,51049
762,51310
763,50882
764,50302
765,50795
766,50843
767,49893
768,50375
769,50161
770,50251
771,49528
772,49352
773,49688
774,49991
775,49496
776,49339
777,49702
778,49407
779,49449
780,48859
781,49096
782,48900
783,48638
784,48659
785,47963
786,47934
787,48375
788,48191
789,47783
790,47939
791,47859
792,47461
793,48347
794,48051
795,47664
796,47458
797,47572
798,47291
799,47176
800,47340
801,46453
802,47031
803,46940
804,46762
805,46856
806,46988
807,46811
808,46833
809,45736
810,46312
811,46452
812,46452
813,46712
814,46381
815,45398
816,46103
817,46323
818,45362
819,45518
820,45642
821,45005
822,44792
823,45268
824,45193
825,44587
826,44473
827,44973
828,44956
829,45243
830,44762
831,44103
832,44407
833,43903
834,43825
835,44036
836,44152
837,43883
838,44081
839,43363
840,43410
841,43694
842,43484
843,43668
844,43963
845,42613
846,43179
847,42932
848,42453
849,43256
850,43141
851,42043
852,42634
853,42438
854,42503
855,42626
856,42362
857,42598
858,42487
859,42051
860,41751
861,41922
862,41732
863,41398
864,41479
865,41479
866,41673
867,41460
868,41799
869,40905
870,41683
871,41172
872,41268
873,41083
874,40663
875,40388
876,40669
877,40929
878,40804
879,40020
880,40375
881,40236
882,39866
883,40601
884,39970
885,40283
886,39970
887,39846
888,39597
889,39615
890,39922
891,39757
892,39769
893,38853
894,39007
895,39274
896,39199
897,39351
898,39229
899,38990
900,38760
901,38408
902,38960
903,38610
904,38677
905,38532
906,38516
907,38380
908,38715
909,38524
910,37933
911,38213
912,38482
913,37848
914,37055
915,37460
916,37894
917,37492
918,37682
919,38113
920,37483
921,37153
922,37391
923,37575
924,36972
925,37066
926,37165
927,36704
928,37143
929,36625
930,36719
931,36645
932,36491
933,36433
934,36610
935,36453
936,36106
937,36355
938,36206
939,35652
940,35788
941,35371
942,35705
943,35470
944,35665
945,35754
946,35492
947,35672
948,35792
949,35311
950,35492
951,36035
952,35212
953,35387
954,35012
955,35374
956,35293
957,34839
958,34856
959,35110
960,34839
961,34178
962,34904
963,34441
964,34600
965,34757
966,34456
967,34179
968,33979
969,34371
970,34349
971,34003
972,33507
973,33846
974,33767
975,33604
976,33612
977,33514
978,33813
979,33473
980,33441
981,33473
982,33044
983,33087
984,33184
985,33656
986,32730
987,33236
988,33089
989,33136
990,32440
991,32588
992,32890
993,32541
994,32487
995,32678
996,32151
997,32414
998,32117
999,32057
1000,32565
1001,31869
1002,32324
1003,31650
1004,31893
1005,31421
1006,32113
1007,31806
1008,31931
1009,32076
1010,31650
1011,31808
1012,31782
1013,31445
1014,30974
1015,31426
1016,31389
1017,31398
1018,30430
1019,30773
1020,30899
1021,30962
1022,30975
1023,30878
1024,30705
1025,30754
1026,30900
1027,30633
1028,30821
1029,30570
1030,30154
1031,30507
1032,30789
1033,30105
1034,30251
1035,30185
1036,30242
1037,30546
1038,29713
1039,29777
1040,30144
1041,30131
1042,30137
1043,30047
1044,29673
1045,29914
1046,29091
1047,29441
1048,29965
1049,29751
1050,29531
1051,29253
1052,29612
1053,29429
1054,28998
1055,28648
1056,29005
1057,28919
1058,29300
1059,28798
1060,29016
1061,29130
1062,28940
1063,28702
1064,28735
1065,28893
1066,28746
1067,28510
1068,28364
1069,28581
1070,28444
1071,28175
1072,28378
1073,28094
1074,27925
1075,27932
1076,28118
1077,27775
1078,27702
1079,27898
1080,27894
1081,27908
1082,27934
1083,28103
1084,27559
1085,28008
1086,27754
1087,27162
1088,27573
1089,27061
1090,27668
1091,27427
1092,27179
1093,26731
1094,27393
1095,26941
1096,27044
1097,26806
1098,26927
1099,27271
1100,27572
1101,26734
1102,26978
1103,27079
1104,26697
1105,26674
1106,26474
1107,26477
1108,26327
1109,26449
1110,26428
1111,26094
1112,26624
1113,26208
1114,26362
1115,26193
1116,25897
1117,26057
1118,26087
1119,25518
1120,26206
1121,25747
1122,26189
1123,25376
1124,25418
1125,25688
1126,25890
1127,25572
1128,25595
1129,25540
1130,25454
1131,25198
1132,25001
1133,25223
1134,25210
1135,25417
1136,25276
1137,24593
1138,25346
1139,25170
1140,25406
1141,24802
1142,25109
1143,24430
1144,24771
1145,24757
1146,24582
1147,24541
1148,24638
1149,24717
1150,24540
1151,24504
1152,24143
1153,24306
1154,24438
1155,24666
1156,24488
1157,24227
1158,24357
1159,24138
1160,24404
1161,24367
1162,24175
1163,23772
1164,23870
1165,23789
1166,23577
1167,24023
1168,23778
1169,24067
1170,23706
1171,23787
1172,23477
1173,24024
1174,23729
1175,23311
1176,23626
1177,23177
1178,23491
1179,22956
1180,23100
1181,23143
1182,22967
1183,22694
1184,23035
1185,23078
1186,23126
1187,22786
1188,22746
1189,22914
1190,23159
1191,22818
1192,23191
1193,22626
1194,22655
1195,22487
1196,22587
1197,22526
1198,22620
1199,22616
1200,22822
1201,22428
1202,22542
1203,22178
1204,22331
1205,22004
1206,22187
1207,22334
1208,22296
1209,21960
1210,22140
1211,22290
1212,22186
1213,22229
1214,22452
1215,21859
1216,21882
1217,21854
1218,21981
1219,21735
1220,21624
1221,21476
1222,21830
1223,21199
1224,21266
1225,21409
1226,21095
1227,21083
1228,21746
1229,21457
1230,21588
1231,21195
1232,21480
1233,21440
1234,21323
1235,20945
1236,21280
1237,21287
1238,20759
1239,20946
1240,21057
1241,21354
1242,21028
1243,20736
1244,20827
1245,20769
1246,20866
1247,20676
1248,20919
1249,20287
1250,20509
1251,20748
1252,20653
1253,20026
1254,20529
1255,20849
1256,20572
1257,20074
1258,20073
1259,20112
1260,19820
1261,19894
1262,20198
1263,20495
1264,19742
1265,20163
1266,19903
1267,19898
1268,20054
1269,19968
1270,19665
1271,19735
1272,19558
1273,19455
1274,19772
1275,19532
1276,19787
1277,19808
1278,19686
1279,19556
1280,19630
1281,19341
1282,19837
1283,19558
1284,19463
1285,19096
1286,19572
1287,19411
1288,19129
1289,19187
1290,19009
1291,18980
1292,18993
1293,19556
1294,18965
1295,19103
1296,18918
1297,19207
1298,18751
1299,18904
1300,18586
1301,19107
1302,18622
1303,18538
1304,18672
1305,18887
1306,18615
1307,18686
1308,18415
1309,18468
1310,18430
1311,18573
1312,18153
1313,18630
1314,18501
1315,18565
1316,18574
1317,18250
1318,18280
1319,18381
1320,18273
1321,18139
1322,18056
1323,18101
1324,18462
1325,17777
1326,17976
1327,17924
1328,17798
1329,17916
1330,18079
1331,18008
1332,17454
1333,18086
1334,17575
1335,18035
1336,17504
1337,17862
1338,17590
1339,17520
1340,17704
1341,17432
1342,17715
1343,17474
1344,17258
1345,17492
1346,17228
1347,16983
1348,17693
1349,17156
1350,17422
1351,17041
1352,17164
1353,17421
1354,17160
1355,17046
1356,16812
1357,17167
1358,17049
1359,16850
1360,16905
1361,17294
1362,16768
1363,16888
1364,17000
1365,16622
1366,17016
1367,16574
1368,16590
1369,16892
1370,16901
1371,16885
1372,16702
1373,16531
1374,16579
1375,16538
1376,16818
1377,16552
1378,16378
1379,16899
1380,16556
1381,16330
1382,16246
1383,16507
1384,16203
1385,16408
1386,16328
1387,16043
1388,16105
1389,16091
1390,16102
1391,16100
1392,15839
1393,16131
1394,16341
1395,16089
1396,15920
1397,15759
1398,16097
1399,15823
1400,16016
1401,15824
1402,15437
1403,15692
1404,15885
1405,16004
1406,15724
1407,15974
1408,15436
1409,15660
1410,15489
1411,15689
1412,15240
1413,15740
1414,15469
1415,15414
1416,15594
1417,15395
1418,15359
1419,15355
1420,15348
1421,15578
1422,15563
1423,15425
1424,15437
1425,15357
1426,14923
1427,15272
1428,15014
1429,14843
1430,15253
1431,15168
1432,15152
1433,14926
1434,15216
1435,14877
1436,15336
1437,14727
1438,14790
1439,15069
1440,14949
1441,15038
1442,14907
1443,14644
1444,14900
1445,14659
1446,14555
1447,14953
1448,14502
1449,14517
1450,14574
1451,14512
1452,14696
1453,14575
1454,14667
1455,14514
1456,14344
1457,14468
1458,14445
1459,14371
1460,14408
1461,14385
1462,14571
1463,14281
1464,14325
1465,14332
1466,14419
1467,14182
1468,14289
1469,14077
1470,14397
1471,14149
1472,14318
1473,13942
1474,13992
1475,14136
1476,14005
1477,13971
1478,14320
1479,13674
1480,14139
1481,13872
1482,13739
1483,13490
1484,13804
1485,13715
1486,13691
1487,13551
1488,13478
1489,13440
1490,13415
1491,13503
1492,13643
1493,13582
1494,13854
1495,13762
1496,13590
1497,13818
1498,13488
1499,13559
1500,13384
1501,13582
1502,13362
1503,13458
1504,13316
1505,13467
1506,13492
1507,13363
1508,13507
1509,13178
1510,13265
1511,13093
1512,13324
1513,12944
1514,13221
1515,13147
1516,13251
1517,13187
1518,13051
1519,12815
1520,12887
1521,12696
1522,12927
1523,12809
1524,13283
1525,12959
1526,12753
1527,12893
1528,12623
1529,12899
1530,12650
1531,12814
1532,12667
1533,12877
1534,12672
1535,12632
1536,12355
1537,12399
1538,12835
1539,13032
1540,12572
1541,12865
1542,12432
1543,12701
1544,12803
1545,12356
1546,12460
1547,12462
1548,12644
1549,12225
1550,12455
1551,12524
1552,12203
1553,12299
1554,12126
1555,12311
1556,12236
1557,12454
1558,12181
1559,12121
1560,12216
1561,12383
1562,12106
1563,12243
1564,12168
1565,12204
1566,12121
1567,12045
1568,11989
1569,11754
1570,12274
1571,11629
1572,12011
1573,11508
1574,12149
1575,11498
1576,11858
1577,11924
1578,11897
1579,11728
1580,11684
1581,11991
1582,11578
1583,11580
1584,11849
1585,11717
1586,11639
1587,11764
1588,11599
1589,11469
1590,11490
1591,11529
1592,11806
1593,11493
1594,11705
1595,11472
1596,11652
1597,11445
1598,11492
1599,11506
1600,11075
1601,11319
1602,11489
1603,11416
1604,11630
1605,11206
1606,11278
1607,11239
1608,11220
1609,11294
1610,11122
1611,11127
1612,11005
1613,10970
1614,11104
1615,11153
1616,11098
1617,11157
1618,11019
1619,11428
1620,11117
1621,10933
1622,10933
1623,11268
1624,10628
1625,10677
1626,11267
1627,10928
1628,10906
1629,10830
1630,10891
1631,10623
1632,10867
1633,10898
1634,10906
1635,10870
1636,10674
1637,10866
1638,10870
1639,10785
1640,10655
1641,10603
1642,10536
1643,10547
1644,10603
1645,10549
1646,10602
1647,10504
1648,10648
1649,10392
1650,10394
1651,10491
1652,10398
1653,10237
1654,10547
1655,10254
1656,10356
1657,10195
1658,10431
1659,10340
1660,10739
1661,10206
1662,10152
1663,10233
1664,10486
1665,10260
1666,10287
1667,10042
1668,10407
1669,10043
1670,10158
1671,10220
1672,10162
1673,10301
1674,10387
1675,10301
1676,9863
1677,10287
1678,9972
1679,10084
1680,10219
1681,10065
1682,9896
1683,9775
1684,9899
1685,9949
1686,9765
1687,9819
1688,9769
1689,9885
1690,9776
1691,9537
1692,10096
1693,10194
1694,9846
1695,9696
1696,9811
1697,9639
1698,9856
1699,9634
1700,9764
1701,9864
1702,9633
1703,9706
1704,9772
1705,9460
1706,9570
1707,9632
1708,9696
1709,9366
1710,9510
1711,9385
1712,9551
1713,9793
1714,9394
1715,9677
1716,9398
1717,9292
1718,9402
1719,9348
1720,9319
1721,9467
1722,9468
1723,9431
1724,9226
1725,9354
1726,9155
1727,9252
1728,8999
1729,9141
1730,9409
1731,9410
1732,9545
1733,9154
1734,9335
1735,9220
1736,9053
1737,9101
1738,9208
1739,9032
1740,8975
1741,8985
1742,9031
1743,9247
1744,9085
1745,8856
1746,8792
1747,9032
1748,9095
1749,8895
1750,8849
1751,8755
1752,8836
1753,8925
1754,8806
1755,8605
1756,8795
1757,8916
1758,8659
1759,8776
1760,8690
1761,8823
1762,9139
1763,8742
1764,8786
1765,8537
1766,8825
1767,8636
1768,8915
1769,8592
1770,8752
1771,8587
1772,8576
1773,8610
1774,8560
1775,8401
1776,8652
1777,8446
1778,8429
1779,8371
1780,8670
1781,8408
1782,8474
1783,8354
1784,8429
1785,8175
1786,8163
1787,8340
1788,8120
1789,8185
1790,8296
1791,8084
1792,8369
1793,8363
1794,8218
1795,8009
1796,8203
1797,8022
1798,8166
1799,8005
1800,8136
1801,8102
1802,8153
1803,8152
1804,8256
1805,7831
1806,7910
1807,8041
1808,7978
1809,8165
1810,8068
1811,8000
1812,7890
1813,7781
1814,8002
1815,7849
1816,8053
1817,7907
1818,7943
1819,7936
1820,7909
1821,7889
1822,7805
1823,7693
1824,7815
1825,7845
1826,7687
1827,7650
1828,7726
1829,7824
1830,7783
1831,7747
1832,7606
1833,7669
1834,7682
1835,7566
1836,7413
1837,7609
1838,7557
1839,7593
1840,7400
1841,7522
1842,7583
1843,7559
1844,7544
1845,7588
1846,7570
1847,7294
1848,7465
1849,7375
1850,7603
1851,7520
1852,7257
1853,7391
1854,7385
1855,7441
1856,7095
1857,7282
1858,7253
1859,7382
1860,7206
1861,7262
1862,7187
1863,7426
1864,7214
1865,7358
1866,7338
1867,7088
1868,7262
1869,6975
1870,6975
1871,7104
1872,7170
1873,7166
1874,7186
1875,7316
1876,7260
1877,6933
1878,7020
1879,7127
1880,7066
1881,7027
1882,7082
1883,7064
1884,7204
1885,7063
1886,6917
1887,7044
1888,6994
1889,6955
1890,7069
1891,6983
1892,6645
1893,6931
1894,6856
1895,6822
1896,6848
1897,6962
1898,6931
1899,7079
1900,6686
1901,6768
1902,6848
1903,6697
1904,6734
1905,6703
1906,6955
1907,6682
1908,6650
1909,6612
1910,6762
1911,6661
1912,6808
1913,6615
1914,6626
1915,6731
1916,6646
1917,6701
1918,6657
1919,6564
1920,6597
1921,6487
1922,6414
1923,6449
1924,6222
1925,6515
1926,6558
1927,6265
1928,6426
1929,6305
1930,6531
1931,6315
1932,6301
1933,6537
1934,6295
1935,6273
1936,6270
1937,6469
1938,6528
1939,6370
1940,6389
1941,6469
1942,6365
1943,6366
1944,6089
1945,6286
1946,6282
1947,6213
1948,6071
1949,6098
1950,6233
1951,6268
1952,6038
1953,6281
1954,6062
1955,6216
1956,6255
1957,6119
1958,6184
1959,6229
1960,6050
1961,6115
1962,6465
1963,6095
1964,5887
1965,6091
1966,6169
1967,6073
1968,6073
1969,5982
1970,5930
1971,5934
1972,6209
1973,5851
1974,6032
1975,6162
1976,6131
1977,6024
1978,5950
1979,6055
1980,5986
1981,6139
1982,5964
1983,6032
1984,5845
1985,5932
1986,6003
1987,6041
1988,5943
1989,5914
1990,5891
1991,5894
1992,5681
1993,6013
1994,5787
1995,5685
1996,5760
1997,5645
1998,5877
1999,5830
2000,5719
2001,5897
2002,5769
2003,5568
2004,5749
2005,5645
2006,5570
2007,5649
2008,5574
2009,5878
2010,5550
2011,5662
2012,5619
2013,5586
2014,5378
2015,5710
2016,5474
2017,5666
2018,5741
2019,5667
2020,5530
2021,5635
2022,5516
2023,5407
2024,5479
2025,5538
2026,5541
2027,5419
2028,5485
2029,5495
2030,5693
2031,5408
2032,5574
2033,5557
2034,5459
2035,5510
2036,5416
2037,5263
2038,5536
2039,5389
2040,5449
2041,5438
2042,5307
2043,5289
2044,5364
2045,5250
2046,5397
2047,5327
2048,5425
2049,5279
2050,5267
2051,5254
2052,5284
2053,5433
2054,5343
2055,5075
2056,5139
2057,5247
2058,5276
2059,5211
2060,5231
2061,5264
2062,5161
2063,5166
2064,5227
2065,5278
2066,5130
2067,5051
2068,5285
2069,5133
2070,5223
2071,5088
2072,5107
2073,4963
2074,5117
2075,5227
2076,5197
2077,5079
2078,5072
2079,5062
2080,5058
2081,5005
2082,5045
2083,5096
2084,4867
2085,5100
2086,5123
2087,4854
2088,5023
2089,4983
2090,5057
2091,5039
2092,5112
2093,4996
2094,4979
2095,5054
2096,4886
2097,4981
2098,4798
2099,4874
2100,4979
2101,4767
2102,4806
2103,4986
2104,4749
2105,4728
2106,4713
2107,4843
2108,4696
2109,5086
2110,4844
2111,4866
2112,4748
2113,4913
2114,4867
2115,4812
2116,4910
2117,4636
2118,4855
2119,4755
2120,4730
2121,4698
2122,4727
2123,4684
2124,4627
2125,4829
2126,4831
2127,4712
2128,4664
2129,4787
2130,4632
2131,4702
2132,4613
2133,4691
2134,4734
2135,4722
2136,4589
2137,4618
2138,4662
2139,4552
2140,4641
2141,4519
2142,4679
2143,4588
2144,4432
2145,4594
2146,4460
2147,4489
2148,4448
2149,4494
2150,4427
2151,4562
2152,4557
2153,4533
2154,4492
2155,4413
2156,4418
2157,4525
2158,4452
2159,4480
2160,4524
2161,4488
2162,4569
2163,4480
2164,4343
2165,4494
2166,4517
2167,4386
2168,4420
2169,4476
2170,4187
2171,4287
2172,4515
2173,4397
2174,4181
2175,4277
2176,4350
2177,4273
2178,4344
2179,4644
2180,4290
2181,4491
2182,4267
2183,4359
2184,4456
2185,4218
2186,4359
2187,4353
2188,4311
2189,4341
2190,4158
2191,4284
2192,4027
2193,4191
2194,4258
2195,4236
2196,4358
2197,4095
2198,4093
2199,4223
2200,4228
2201,4227
2202,4093
2203,4306
2204,4200
2205,4182
2206,4327
2207,4140
2208,4291
2209,4078
2210,4214
2211,4126
2212,4165
2213,4100
2214,4238
2215,4176
2216,4186
2217,4068
2218,4093
2219,3977
2220,3953
2221,4104
2222,4108
2223,4025
2224,4123
2225,3980
2226,4032
2227,4084
2228,3996
2229,4022
2230,3860
2231,4045
2232,3918
2233,3972
2234,4052
2235,3974
2236,3911
2237,4099
2238,3800
2239,3932
2240,3983
2241,4039
2242,3876
2243,3943
2244,3886
2245,3761
2246,3825
2247,3943
2248,3811
2249,4079
2250,3811
2251,3836
2252,3984
2253,3800
2254,3772
2255,3942
2256,3751
2257,3779
2258,3826
2259,3825
2260,3859
2261,3817
2262,3849
2263,3927
2264,3641
2265,3971
2266,3843
2267,3909
2268,3843
2269,3707
2270,3682
2271,3750
2272,3727
2273,3695
2274,3849
2275,3704
2276,3640
2277,3743
2278,3757
2279,3685
2280,3685
2281,3702
2282,3512
2283,3653
2284,3752
2285,3692
2286,3543
2287,3853
2288,3717
2289,3688
2290,3719
2291,3568
2292,3582
2293,3768
2294,3817
2295,3497
2296,3658
2297,3517
2298,3587
2299,3568
2300,3721
2301,3628
2302,3643
2303,3637
2304,3596
2305,3621
2306,3625
2307,3594
2308,3563
2309,3648
2310,3604
2311,3661
2312,3513
2313,3676
2314,3363
2315,3492
2316,3469
2317,3423
2318,3616
2319,3587
2320,3507
2321,3419
2322,3452
2323,3538
2324,3455
2325,3565
2326,3596
2327,3329
2328,3390
2329,3388
2330,3431
2331,3288
2332,3505
2333,3440
2334,3409
2335,3586
2336,3528
2337,3493
2338,3329
2339,3367
2340,3414
2341,3491
2342,3487
2343,3353
2344,3363
2345,3406
2346,3378
2347,3353
2348,3364
2349,3368
2350,3342
2351,3256
2352,3273
2353,3238
2354,3333
2355,3353
2356,3448
2357,3379
2358,3360
2359,3270
2360,3368
2361,3284
2362,3266
2363,3116
2364,3314
2365,3244
2366,3313
2367,3261
2368,3167
2369,3149
2370,3167
2371,3336
2372,3347
2373,3049
2374,3197
2375,3136
2376,3371
2377,3248
2378,3247
2379,3188
2380,3223
2381,3150
2382,3280
2383,3050
2384,3151
2385,3120
2386,3216
2387,3186
2388,3107
2389,3296
2390,3103
2391,3076
2392,3180
2393,3189
2394,3193
2395,3161
2396,3207
2397,3059
2398,3252
2399,3110
2400,3176
2401,3033
2402,3063
2403,3036
2404,3111
2405,3093
2406,3032
2407,3051
2408,3111
2409,3063
2410,3070
2411,2933
2412,3068
2413,2970
2414,3026
2415,3113
2416,3043
2417,3102
2418,3130
2419,3135
2420,2989
2421,2868
2422,3075
2423,2893
2424,2943
2425,2948
2426,2890
2427,2960
2428,2974
2429,2985
2430,3024
2431,2957
2432,2757
2433,2893
2434,3099
2435,2962
2436,2924
2437,2970
2438,2961
2439,2793
2440,2890
2441,2996
2442,2912
2443,2867
2444,2893
2445,2837
2446,2878
2447,2841
2448,2784
2449,2838
2450,3064
2451,2839
2452,2976
2453,2812
2454,2971
2455,2866
2456,2767
2457,2805
2458,2791
2459,2912
2460,2743
2461,2815
2462,2865
2463,2845
2464,2832
2465,2866
2466,2839
2467,2859
2468,2729
2469,2862
2470,2797
2471,2787
2472,2853
2473,2771
2474,2744
2475,2888
2476,2756
2477,2673
2478,2824
2479,2620
2480,2773
2481,2745
2482,2733
2483,2728
2484,2781
2485,2742
2486,2791
2487,2765
2488,2746
2489,2668
2490,2860
2491,2746
2492,2666
2493,2701
2494,2609
2495,2716
2496,2668
2497,2752
2498,2829
2499,2696
2500,2680
2501,2625
2502,2651
2503,2688
2504,2783
2505,2667
2506,2595
2507,2564
2508,2678
2509,2712
2510,2454
2511,2619
2512,2587
2513,2619
2514,2649
2515,2603
2516,2715
2517,2582
2518,2657
2519,2570
2520,2606
2521,2586
2522,2591
2523,2418
2524,2513
2525,2558
2526,2569
2527,2638
2528,2557
2529,2467
2530,2511
2531,2488
2532,2698
2533,2598
2534,2531
2535,2427
2536,2606
2537,2407
2538,2484
2539,2531
2540,2613
2541,2555
2542,2504
2543,2572
2544,2557
2545,2708
2546,2545
2547,2403
2548,2553
2549,2473
2550,2426
2551,2476
2552,2480
2553,2504
2554,2646
2555,2483
2556,2529
2557,2414
2558,2434
2559,2388
2560,2440
2561,2475
2562,2329
2563,2358
2564,2300
2565,2457
2566,2436
2567,2404
2568,2392
2569,2344
2570,2482
2571,2407
2572,2391
2573,2360
2574,2370
2575,2443
2576,2249
2577,2389
2578,2434
2579,2390
2580,2308
2581,2385
2582,2356
2583,2378
2584,2419
2585,2302
2586,2231
2587,2279
2588,2396
2589,2337
2590,2360
2591,2386
2592,2383
2593,2340
2594,2367
2595,2363
2596,2295
2597,2319
2598,2398
2599,2231
2600,2418
2601,2257
2602,2248
2603,2293
2604,2302
2605,2350
2606,2358
2607,2212
2608,2284
2609,2350
2610,2243
2611,2311
2612,2289
2613,2283
2614,2163
2615,2267
2616,2172
2617,2271
2618,2275
2619,2213
2620,2158
2621,2226
2622,2199
2623,2145
2624,2200
2625,2185
2626,2175
2627,2228
2628,2172
2629,2236
2630,2178
2631,2219
2632,2230
2633,2245
2634,2145
2635,2213
2636,2137
2637,2203
2638,2196
2639,2213
2640,2194
2641,2217
2642,2164
2643,2248
2644,2187
2645,2065
2646,2182
2647,2094
2648,2158
2649,2152
2650,2143
2651,2037
2652,2153
2653,2200
2654,2183
2655,2104
2656,2079
2657,2204
2658,2193
2659,2100
2660,2127
2661,2044
2662,2198
2663,2019
2664,2018
2665,2162
2666,2093
2667,1993
2668,2104
2669,2088
2670,2040
2671,2098
2672,2040
2673,2091
2674,2072
2675,2079
2676,1999
2677,1988
2678,1925
2679,2044
2680,2016
2681,2020
2682,2157
2683,2094
2684,2003
2685,1983
2686,2090
2687,1952
2688,2103
2689,2001
2690,2029
2691,2015
2692,1997
2693,1892
2694,2005
2695,1878
2696,2091
2697,1898
2698,1955
2699,1928
2700,1915
2701,1903
2702,2002
2703,1944
2704,1839
2705,1898
2706,1999
2707,1977
2708,1911
2709,1874
2710,2011
2711,1932
2712,1809
2713,1922
2714,1881
2715,1932
2716,1920
2717,1748
2718,1826
2719,1953
2720,1914
2721,1936
2722,1822
2723,1886
2724,1856
2725,1820
2726,1855
2727,1839
2728,1860
2729,1898
2730,1860
2731,1832
2732,1768
2733,1786
2734,1828
2735,1843
2736,1759
2737,1867
2738,1818
2739,1694
2740,1892
2741,1749
2742,1767
2743,1843
2744,1737
2745,1789
2746,1770
2747,1749
2748,1791
2749,1851
2750,1815
2751,1692
2752,1820
2753,1772
2754,1786
2755,1662
2756,1791
2757,1737
2758,1759
2759,1817
2760,1737
2761,1646
2762,1767
2763,1859
2764,1714
2765,1789
2766,1671
2767,1729
2768,1736
2769,1694
2770,1609
2771,1707
2772,1812
2773,1752
2774,1706
2775,1696
2776,1794
2777,1688
2778,1782
2779,1658
2780,1787
2781,1769
2782,1734
2783,1646
2784,1776
2785,1771
2786,1655
2787,1610
2788,1729
2789,1667
2790,1655
2791,1682
2792,1690
2793,1602
2794,1648
2795,1683
2796,1585
2797,1706
2798,1593
2799,1535
2800,1657
2801,1575
2802,1630
2803,1642
2804,1688
2805,1471
2806,1642
2807,1621
2808,1555
2809,1634
2810,1605
2811,1579
2812,1586
2813,1732
2814,1632
2815,1672
2816,1631
2817,1594
2818,1464
2819,1599
2820,1622
2821,1639
2822,1588
2823,1477
2824,1537
2825,1501
2826,1495
2827,1521
2828,1635
2829,1590
2830,1620
2831,1619
2832,1550
2833,1503
2834,1625
2835,1604
2836,1510
2837,1536
2838,1566
2839,1416
2840,1469
2841,1511
2842,1506
2843,1559
2844,1451
2845,1550
2846,1513
2847,1452
2848,1496
2849,1518
2850,1446
2851,1509
2852,1461
2853,1452
2854,1566
2855,1507
2856,1441
2857,1489
2858,1447
2859,1452
2860,1609
2861,1540
2862,1480
2863,1548
2864,1533
2865,1487
2866,1509
2867,1480
2868,1536
2869,1469
2870,1502
2871,1490
2872,1523
2873,1471
2874,1463
2875,1413
2876,1486
2877,1453
2878,1473
2879,1491
2880,1372
2881,1496
2882,1383
2883,1344
2884,1433
2885,1401
2886,1549
2887,1453
2888,1470
2889,1465
2890,1543
2891,1397
2892,1453
2893,1546
2894,1382
2895,1342
2896,1424
2897,1414
2898,1449
2899,1390
2900,1423
2901,1423
2902,1505
2903,1341
2904,1328
2905,1427
2906,1350
2907,1373
2908,1347
2909,1486
2910,1344
2911,1491
2912,1377
2913,1398
2914,1453
2915,1306
2916,1400
2917,1445
2918,1467
2919,1447
2920,1309
2921,1323
2922,1389
2923,1438
2924,1354
2925,1322
2926,1327
2927,1351
2928,1300
2929,1320
2930,1373
2931,1373
2932,1289
2933,1322
2934,1288
2935,1225
2936,1320
2937,1325
2938,1476
2939,1345
2940,1274
2941,1294
2942,1318
2943,1241
2944,1297
2945,1243
2946,1258
2947,1282
2948,1239
2949,1244
2950,1273
2951,1258
2952,1249
2953,1323
2954,1277
2955,1373
2956,1235
2957,1379
2958,1315
2959,1289
2960,1286
2961,1248
2962,1239
2963,1312
2964,1191
2965,1304
2966,1319
2967,1224
2968,1235
2969,1303
2970,1270
2971,1258
2972,1245
2973,1185
2974,1213
2975,1236
2976,1240
2977,1206
2978,1316
2979,1283
2980,1262
2981,1221
2982,1301
2983,1264
2984,1297
2985,1210
2986,1265
2987,1235
2988,1327
2989,1247
2990,1255
2991,1246
2992,1211
2993,1244
2994,1218
2995,1184
2996,1302
2997,1153
2998,1217
2999,1262
3000,1229
3001,1183
3002,1247
3003,1216
3004,1305
3005,1196
3006,1150
3007,1148
3008,1268
3009,1147
3010,1215
3011,1266
3012,1261
3013,1207
3014,1326
3015,1182
3016,1160
3017,1211
3018,1218
3019,1164
3020,1119
3021,1130
3022,1187
3023,1190
3024,1200
3025,1108
3026,1136
3027,1215
3028,1163
3029,1169
3030,1200
3031,1203
3032,1197
3033,1119
3034,1195
3035,1198
3036,1153
3037,1180
3038,1199
3039,1098
3040,1123
3041,1160
3042,1187
3043,1152
3044,1178
3045,1129
3046,1128
3047,1194
3048,1213
3049,1177
3050,1122
3051,1113
3052,1237
3053,1137
3054,1167
3055,1122
3056,1071
3057,1062
3058,1087
3059,1062
3060,1081
3061,1075
3062,1065
3063,1054
3064,1179
3065,1057
3066,1104
3067,1090
3068,1150
3069,1128
3070,1113
3071,1115
3072,1159
3073,1131
3074,1097
3075,1151
3076,1160
3077,1082
3078,1093
3079,1031
3080,1047
3081,1030
3082,1093
3083,1088
3084,1115
3085,1076
3086,1104
3087,959
3088,1106
3089,983
3090,1026
3091,987
3092,1056
3093,1037
3094,1046
3095,1037
3096,1058
3097,1127
3098,1049
3099,1041
3100,1011
3101,1057
3102,1087
3103,1070
3104,997
3105,1111
3106,1035
3107,998
3108,1020
3109,1165
3110,1050
3111,1079
3112,1018
3113,994
3114,1047
3115,1049
3116,1006
3117,976
3118,1010
3119,1119
3120,969
3121,1047
3122,1010
3123,1049
3124,964
3125,1032
3126,1038
3127,950
3128,1049
3129,1000
3130,988
3131,1028
3132,1032
3133,1036
3134,997
3135,1049
3136,1006
3137,993
3138,952
3139,968
3140,1040
3141,1015
3142,1007
3143,1033
3144,958
3145,1072
3146,951
3147,993
3148,993
3149,957
3150,1024
3151,987
3152,1025
3153,1011
3154,1060
3155,933
3156,1011
3157,990
3158,998
3159,1009
3160,977
3161,1033
3162,1019
3163,907
3164,982
3165,929
3166,925
3167,977
3168,940
3169,917
3170,989
3171,926
3172,960
3173,930
3174,879
3175,959
3176,987
3177,1024
3178,972
3179,950
3180,929
3181,978
3182,955
3183,1006
3184,886
3185,920
3186,975
3187,1044
3188,1052
3189,959
3190,991
3191,944
3192,995
3193,903
3194,942
3195,987
3196,957
3197,902
3198,920
3199,863
3200,890
3201,952
3202,957
3203,965
3204,1066
3205,924
3206,912
3207,886
3208,1009
3209,911
3210,933
3211,920
3212,925
3213,887
3214,915
3215,871
3216,863
3217,959
3218,913
3219,893
3220,927
3221,933
3222,860
3223,971
3224,925
3225,877
3226,949
3227,862
3228,869
3229,782
3230,888
3231,947
3232,974
3233,930
3234,904
3235,889
3236,871
3237,880
3238,966
3239,844
3240,917
3241,880
3242,898
3243,820
3244,842
3245,912
3246,868
3247,913
3248,880
3249,854
3250,881
3251,806
3252,835
3253,867
3254,944
3255,845
3256,854
3257,891
3258,848
3259,874
3260,905
3261,909
3262,840
3263,769
3264,859
3265,896
3266,875
3267,883
3268,877
3269,915
3270,908
3271,849
3272,880
3273,911
3274,807
3275,857
3276,836
3277,907
3278,829
3279,872
3280,857
3281,899
3282,894
3283,854
3284,801
3285,900
3286,880
3287,850
3288,839
3289,854
3290,854
3291,913
3292,836
3293,887
3294,798
3295,830
3296,822
3297,829
3298,787
3299,839
3300,820
3301,789
3302,780
3303,889
3304,831
3305,829
3306,844
3307,737
3308,787
3309,833
3310,860
3311,824
3312,781
3313,825
3314,840
3315,792
3316,844
3317,819
3318,765
3319,849
3320,889
3321,775
3322,779
3323,821
3324,801
3325,745
3326,807
3327,825
3328,819
3329,799
3330,840
3331,900
3332,761
3333,775
3334,789
3335,823
3336,815
3337,770
3338,790
3339,801
3340,813
3341,859
3342,827
3343,852
3344,821
3345,865
3346,801
3347,802
3348,731
3349,770
3350,868
3351,778
3352,836
3353,767
3354,810
3355,784
3356,821
3357,709
3358,890
3359,817
3360,766
3361,795
3362,818
3363,788
3364,717
3365,756
3366,721
3367,770
3368,713
3369,801
3370,788
3371,831
3372,778
3373,765
3374,771
3375,755
3376,778
3377,762
3378,690
3379,768
3380,750
3381,707
3382,756
3383,741
3384,747
3385,741
3386,747
3387,735
3388,720
3389,748
3390,765
3391,739
3392,718
3393,771
3394,796
3395,657
3396,760
3397,744
3398,716
3399,830
3400,766
3401,768
3402,772
3403,702
3404,711
3405,805
3406,696
3407,758
3408,708
3409,723
3410,796
3411,697
3412,735
3413,666
3414,698
3415,727
3416,770
3417,797
3418,715
3419,757
3420,762
3421,684
3422,659
3423,745
3424,765
3425,663
3426,729
3427,708
3428,731
3429,713
3430,763
3431,780
3432,600
3433,715
3434,707
3435,800
3436,739
3437,726
3438,733
3439,674
3440,688
3441,695
3442,754
3443,689
3444,743
3445,726
3446,791
3447,810
3448,738
3449,629
3450,698
3451,682
3452,709
3453,662
3454,687
3455,721
3456,659
3457,702
3458,752
3459,693
3460,695
3461,680
3462,682
3463,650
3464,723
3465,700
3466,640
3467,680
3468,640
3469,669
3470,703
3471,735
3472,711
3473,661
3474,605
3475,664
3476,646
3477,680
3478,764
3479,689
3480,678
3481,681
3482,723
3483,707
3484,641
3485,700
3486,759
3487,642
3488,713
3489,670
3490,635
3491,643
3492,724
3493,649
3494,711
3495,693
3496,679
3497,700
3498,632
3499,671
3500,684
3501,656
3502,621
3503,661
3504,630
3505,686
3506,631
3507,668
3508,675
3509,625
3510,667
3511,614
3512,765
3513,644
3514,654
3515,631
3516,693
3517,621
3518,615
3519,640
3520,656
3521,644
3522,621
3523,616
3524,659
3525,719
3526,687
3527,658
3528,689
3529,630
3530,748
3531,644
3532,635
3533,676
3534,622
3535,629
3536,667
3537,649
3538,606
3539,676
3540,649
3541,620
3542,618
3543,642
3544,703
3545,581
3546,591
3547,646
3548,695
3549,637
3550,610
3551,583
3552,628
3553,627
3554,623
3555,602
3556,600
3557,575
3558,590
3559,646
3560,565
3561,678
3562,604
3563,652
3564,578
3565,692
3566,661
3567,591
3568,619
3569,584
3570,597
3571,625
3572,614
3573,618
3574,634
3575,631
3576,610
3577,616
3578,547
3579,597
3580,557
3581,618
3582,602
3583,588
3584,562
3585,642
3586,672
3587,614
3588,571
3589,601
3590,550
3591,554
3592,577
3593,570
3594,634
3595,622
3596,601
3597,576
3598,595
3599,623
3600,630
3601,581
3602,618
3603,569
3604,562
3605,571
3606,593
3607,564
3608,624
3609,633
3610,553
3611,592
3612,595
3613,601
3614,552
3615,602
3616,580
3617,550
3618,531
3619,605
3620,554
3621,636
3622,622
3623,609
3624,599
3625,550
3626,547
3627,571
3628,495
3629,549
3630,571
3631,593
3632,508
3633,551
3634,572
3635,555
3636,509
3637,584
3638,521
3639,524
3640,543
3641,551
3642,588
3643,616
3644,544
3645,548
3646,551
3647,572
3648,578
3649,621
3650,567
3651,553
3652,582
3653,564
3654,544
3655,526
3656,543
3657,550
3658,541
3659,557
3660,578
3661,588
3662,563
3663,507
3664,549
3665,545
3666,538
3667,515
3668,543
3669,601
3670,549
3671,596
3672,543
3673,533
3674,522
3675,531
3676,587
3677,527
3678,521
3679,570
3680,574
3681,617
3682,557
3683,480
3684,533
3685,539
3686,546
3687,518
3688,504
3689,541
3690,517
3691,583
3692,511
3693,584
3694,612
3695,496
3696,531
3697,544
3698,508
3699,502
3700,532
3701,511
3702,528
3703,509
3704,535
3705,537
3706,521
3707,525
3708,542
3709,594
3710,561
3711,525
3712,526
3713,494
3714,560
3715,615
3716,529
3717,517
3718,492
3719,526
3720,508
3721,549
3722,522
3723,507
3724,499
3725,531
3726,481
3727,448
3728,520
3729,486
3730,486
3731,516
3732,519
3733,471
3734,481
3735,514
3736,538
3737,491
3738,461
3739,532
3740,475
3741,477
3742,457
3743,505
3744,396
3745,500
3746,497
3747,519
3748,468
3749,491
3750,485
3751,456
3752,545
3753,496
3754,522
3755,442
3756,485
3757,486
3758,478
3759,502
3760,483
3761,481
3762,498
3763,475
3764,433
3765,490
3766,458
3767,459
3768,435
3769,524
3770,501
3771,470
3772,499
3773,474
3774,459
3775,475
3776,493
3777,478
3778,516
3779,479
3780,524
3781,461
3782,525
3783,474
3784,455
3785,481
3786,482
3787,442
3788,477
3789,450
3790,419
3791,536
3792,455
3793,448
3794,479
3795,476
3796,448
3797,525
3798,450
3799,515
3800,511
3801,482
3802,422
3803,429
3804,414
3805,438
3806,420
3807,480
3808,431
3809,422
3810,488
3811,445
3812,484
3813,510
3814,471
3815,415
3816,453
3817,438
3818,465
3819,523
3820,448
3821,479
3822,484
3823,483
3824,481
3825,487
3826,490
3827,462
3828,457
3829,533
3830,416
3831,510
3832,475
3833,447
3834,494
3835,451
3836,534
3837,475
3838,439
3839,464
3840,468
3841,470
3842,413
3843,480
3844,434
3845,502
3846,455
3847,440
3848,503
3849,433
3850,467
3851,439
3852,422
3853,465
3854,457
3855,411
3856,438
3857,497
3858,460
3859,400
3860,461
3861,462
3862,463
3863,407
3864,392
3865,487
3866,446
3867,427
3868,463
3869,444
3870,451
3871,429
3872,429
3873,395
3874,416
3875,499
3876,459
3877,443
3878,415
3879,421
3880,454
3881,404
3882,424
3883,484
3884,443
3885,473
3886,425
3887,485
3888,444
3889,478
3890,420
3891,433
3892,423
3893,478
3894,430
3895,422
3896,458
3897,430
3898,440
3899,410
3900,443
3901,466
3902,434
3903,469
3904,436
3905,424
3906,420
3907,389
3908,428
3909,422
3910,447
3911,370
3912,395
3913,463
3914,403
3915,408
3916,383
3917,396
3918,426
3919,451
3920,399
3921,436
3922,453
3923,392
3924,408
3925,449
3926,447
3927,411
3928,417
3929,463
3930,432
3931,439
3932,423
3933,374
3934,424
3935,390
3936,435
3937,354
3938,433
3939,384
3940,430
3941,466
3942,440
3943,429
3944,481
3945,337
3946,429
3947,403
3948,428
3949,373
3950,360
3951,465
3952,394
3953,423
3954,367
3955,373
3956,351
3957,414
3958,395
3959,396
3960,393
3961,435
3962,373
3963,422
3964,350
3965,418
3966,457
3967,385
3968,453
3969,390
3970,394
3971,387
3972,364
3973,386
3974,431
3975,392
3976,408
3977,417
3978,387
3979,402
3980,391
3981,405
3982,397
3983,394
3984,416
3985,352
3986,394
3987,415
3988,382
3989,400
3990,353
3991,369
3992,344
3993,419
3994,377
3995,441
3996,371
3997,363
3998,379
3999,404
4000,332
4001,385
4002,374
4003,407
4004,399
4005,429
4006,356
4007,420
4008,428
4009,416
4010,364
4011,389
4012,392
4013,362
4014,404
4015,352
4016,363
4017,382
4018,373
4019,375
4020,420
4021,421
4022,401
4023,353
4024,383
4025,436
4026,329
4027,405
4028,360
4029,347
4030,354
4031,352
4032,401
4033,368
4034,363
4035,388
4036,370
4037,371
4038,337
4039,360
4040,396
4041,401
4042,363
4043,374
4044,363
4045,383
4046,367
4047,365
4048,362
4049,369
4050,376
4051,394
4052,332
4053,368
4054,371
4055,315
4056,344
4057,359
4058,395
4059,379
4060,341
4061,347
4062,396
4063,348
4064,384
4065,398
4066,413
4067,359
4068,350
4069,425
4070,331
4071,335
4072,354
4073,352
4074,357
4075,309
4076,354
4077,335
4078,371
4079,372
4080,335
4081,372
4082,341
4083,398
4084,354
4085,354
4086,372
4087,329
4088,320
4089,350
4090,384
4091,336
4092,306
4093,416
4094,376
4095,373
4096,345
4097,342
4098,326
4099,335
4100,353
4101,363
4102,326
4103,378
4104,328
4105,355
4106,358
4107,347
4108,366
4109,345
4110,333
4111,373
4112,312
4113,347
4114,395
4115,331
4116,331
4117,386
4118,357
4119,310
4120,385
4121,385
4122,339
4123,346
4124,346
4125,386
4126,331
4127,304
4128,382
4129,358
4130,386
4131,319
4132,377
4133,343
4134,383
4135,376
4136,320
4137,334
4138,356
4139,328
4140,324
4141,331
4142,328
4143,332
4144,323
4145,390
4146,377
4147,340
4148,344
4149,348
4150,315
4151,316
4152,365
4153,365
4154,344
4155,340
4156,374
4157,316
4158,362
4159,293
4160,351
4161,333
4162,349
4163,334
4164,344
4165,381
4166,344
4167,338
4168,350
4169,333
4170,342
4171,319
4172,359
4173,329
4174,319
4175,312
4176,312
4177,314
4178,328
4179,337
4180,324
4181,341
4182,325
4183,358
4184,333
4185,340
4186,315
4187,331
4188,294
4189,329
4190,312
4191,304
4192,335
4193,311
4194,330
4195,295
4196,317
4197,302
4198,316
4199,338
4200,303
4201,269
4202,312
4203,318
4204,310
4205,337
4206,313
4207,294
4208,327
4209,340
4210,338
4211,332
4212,316
4213,328
4214,321
4215,288
4216,334
4217,293
4218,320
4219,313
4220,314
4221,326
4222,317
4223,302
4224,321
4225,361
4226,327
4227,280
4228,318
4229,320
4230,334
4231,335
4232,361
4233,310
4234,320
4235,309
4236,393
4237,311
4238,304
4239,335
4240,291
4241,312
4242,303
4243,327
4244,307
4245,294
4246,304
4247,335
4248,314
4249,295
4250,314
4251,304
4252,321
4253,283
4254,344
4255,339
4256,333
4257,299
4258,292
4259,290
4260,283
4261,308
4262,315
4263,305
4264,355
4265,294
4266,311
4267,266
4268,281
4269,294
4270,312
4271,306
4272,293
4273,310
4274,265
4275,290
4276,311
4277,319
4278,261
4279,278
4280,289
4281,291
4282,287
4283,299
4284,277
4285,283
4286,299
4287,278
4288,289
4289,320
4290,272
4291,318
4292,279
4293,287
4294,318
4295,289
4296,325
4297,318
4298,331
4299,307
4300,274
4301,305
4302,301
4303,299
4304,344
4305,275
4306,282
4307,324
4308,319
4309,299
4310,281
4311,276
4312,296
4313,291
4314,308
4315,317
4316,321
4317,297
4318,290
4319,301
4320,292
4321,283
4322,302
4323,274
4324,265
4325,279
4326,266
4327,253
4328,317
4329,274
4330,292
4331,297
4332,295
4333,286
4334,291
4335,298
4336,270
4337,249
4338,302
4339,274
4340,273
4341,256
4342,317
4343,247
4344,263
4345,271
4346,265
4347,298
4348,299
4349,235
4350,307
4351,295
4352,315
4353,300
4354,285
4355,282
4356,339
4357,263
4358,258
4359,290
4360,246
4361,320
4362,297
4363,291
4364,279
4365,250
4366,281
4367,318
4368,238
4369,293
4370,267
4371,298
4372,268
4373,272
4374,253
4375,245
4376,263
4377,245
4378,240
4379,283
4380,270
4381,280
4382,258
4383,266
4384,262
4385,239
4386,284
4387,283
4388,277
4389,263
4390,273
4391,254
4392,234
4393,272
4394,277
4395,292
4396,264
4397,322
4398,303
4399,302
4400,247
4401,251
4402,295
4403,276
4404,271
4405,259
4406,242
4407,280
4408,277
4409,222
4410,282
4411,226
4412,247
4413,265
4414,247
4415,285
4416,272
4417,247
4418,292
4419,213
4420,274
4421,299
4422,266
4423,273
4424,241
4425,266
4426,282
4427,278
4428,251
4429,280
4430,246
4431,254
4432,254
4433,259
4434,265
4435,247
4436,241
4437,251
4438,263
4439,241
4440,309
4441,278
4442,266
4443,248
4444,273
4445,237
4446,277
4447,275
4448,247
4449,283
4450,270
4451,218
4452,269
4453,239
4454,271
4455,227
4456,272
4457,272
4458,298
4459,284
4460,267
4461,229
4462,232
4463,188
4464,246
4465,267
4466,278
4467,251
4468,199
4469,245
4470,289
4471,246
4472,231
4473,261
4474,273
4475,244
4476,233
4477,262
4478,258
4479,241
4480,286
4481,273
4482,233
4483,247
4484,252
4485,314
4486,233
4487,235
4488,218
4489,261
4490,262
4491,223
4492,206
4493,268
4494,251
4495,258
4496,277
4497,237
4498,240
4499,233
4500,279
4501,228
4502,262
4503,258
4504,258
4505,257
4506,261
4507,254
4508,252
4509,222
4510,246
4511,226
4512,259
4513,218
4514,239
4515,216
4516,248
4517,271
4518,248
4519,258
4520,218
4521,243
4522,222
4523,234
4524,212
4525,265
4526,238
4527,253
4528,212
4529,246
4530,236
4531,232
4532,257
4533,215
4534,212
4535,240
4536,261
4537,234
4538,235
4539,228
4540,259
4541,241
4542,279
4543,263
4544,243
4545,198
4546,214
4547,244
4548,230
4549,251
4550,173
4551,224
4552,233
4553,189
4554,242
4555,199
4556,273
4557,223
4558,220
4559,246
4560,243
4561,226
4562,261
4563,183
4564,235
4565,209
4566,221
4567,249
4568,260
4569,197
4570,239
4571,210
4572,235
4573,185
4574,202
4575,211
4576,273
4577,237
4578,228
4579,213
4580,208
4581,244
4582,242
4583,257
4584,192
4585,201
4586,203
4587,220
4588,218
4589,258
4590,231
4591,207
4592,260
4593,259
4594,199
4595,233
4596,232
4597,194
4598,209
4599,213
4600,197
4601,220
4602,239
4603,193
4604,233
4605,226
4606,214
4607,254
4608,227
4609,227
4610,206
4611,238
4612,223
4613,223
4614,239
4615,195
4616,197
4617,170
4618,242
4619,242
4620,222
4621,196
4622,206
4623,239
4624,211
4625,218
4626,245
4627,212
4628,209
4629,190
4630,249
4631,189
4632,244
4633,206
4634,180
4635,196
4636,201
4637,210
4638,201
4639,184
4640,231
4641,178
4642,229
4643,209
4644,141
4645,179
4646,211
4647,260
4648,192
4649,210
4650,218
4651,217
4652,223
4653,194
4654,224
4655,220
4656,240
4657,217
4658,214
4659,169
4660,199
4661,174
4662,216
4663,216
4664,215
4665,187
4666,229
4667,228
4668,237
4669,233
4670,234
4671,195
4672,199
4673,197
4674,213
4675,201
4676,170
4677,172
4678,183
4679,246
4680,231
4681,185
4682,205
4683,232
4684,211
4685,213
4686,223
4687,230
4688,199
4689,200
4690,215
4691,222
4692,218
4693,201
4694,226
4695,200
4696,229
4697,215
4698,194
4699,182
4700,226
4701,211
4702,235
4703,210
4704,218
4705,212
4706,192
4707,202
4708,236
4709,214
4710,244
4711,215
4712,213
4713,197
4714,202
4715,240
4716,218
4717,234
4718,209
4719,235
4720,205
4721,190
4722,217
4723,203
4724,210
4725,198
4726,228
4727,205
4728,222
4729,207
4730,195
4731,220
4732,243
4733,224
4734,197
4735,237
4736,195
4737,207
4738,244
4739,226
4740,208
4741,229
4742,222
4743,192
4744,166
4745,186
4746,193
4747,173
4748,194
4749,199
4750,208
4751,176
4752,188
4753,201
4754,214
4755,215
4756,160
4757,199
4758,214
4759,229
4760,196
4761,240
4762,229
4763,194
4764,186
4765,202
4766,153
4767,212
4768,162
4769,190
4770,201
4771,235
4772,183
4773,199
4774,219
4775,191
4776,195
4777,177
4778,203
4779,211
4780,231
4781,194
4782,215
4783,191
4784,184
4785,201
4786,184
4787,175
4788,201
4789,183
4790,193
4791,160
4792,162
4793,224
4794,182
4795,231
4796,193
4797,208
4798,177
4799,197
4800,180
4801,179
4802,207
4803,188
4804,195
4805,182
4806,180
4807,183
4808,193
4809,217
4810,198
4811,195
4812,184
4813,183
4814,185
4815,207
4816,200
4817,165
4818,191
4819,191
4820,187
4821,164
4822,168
4823,197
4824,183
4825,193
4826,193
4827,162
4828,214
4829,178
4830,184
4831,194
4832,203
4833,185
4834,179
4835,202
4836,197
4837,160
4838,216
4839,188
4840,161
4841,177
4842,189
4843,179
4844,174
4845,224
4846,160
4847,233
4848,168
4849,203
4850,172
4851,171
4852,175
4853,188
4854,219
4855,207
4856,211
4857,181
4858,166
4859,192
4860,166
4861,148
4862,203
4863,181
4864,173
4865,181
4866,193
4867,160
4868,188
4869,204
4870,165
4871,187
4872,162
4873,187
4874,194
4875,181
4876,164
4877,157
4878,156
4879,193
4880,177
4881,158
4882,197
4883,185
4884,215
4885,202
4886,157
4887,181
4888,171
4889,190
4890,186
4891,174
4892,175
4893,208
4894,183
4895,167
4896,164
4897,170
4898,163
4899,177
4900,185
4901,193
4902,186
4903,179
4904,192
4905,165
4906,170
4907,161
4908,181
4909,151
4910,216
4911,176
4912,172
4913,185
4914,173
4915,161
4916,195
4917,166
4918,170
4919,172
4920,201
4921,179
4922,181
4923,174
4924,184
4925,185
4926,167
4927,179
4928,193
4929,169
4930,169
4931,176
4932,180
4933,167
4934,171
4935,151
4936,216
4937,205
4938,188
4939,172
4940,176
4941,192
4942,196
4943,142
4944,194
4945,159
4946,148
4947,168
4948,149
4949,188
4950,194
4951,195
4952,181
4953,212
4954,175
4955,145
4956,174
4957,168
4958,149
4959,162
4960,149
4961,154
4962,180
4963,180
4964,150
4965,173
4966,180
4967,195
4968,128
4969,176
4970,183
4971,154
4972,154
4973,182
4974,183
4975,189
4976,183
4977,156
4978,183
4979,179
4980,196
4981,185
4982,179
4983,170
4984,151
4985,172
4986,203
4987,154
4988,185
4989,193
4990,147
4991,177
4992,188
4993,128
4994,216
4995,156
4996,176
4997,183
4998,136
4999,215
5000,145
5001,137
5002,178
5003,184
5004,186
5005,156
5006,165
5007,194
5008,159
5009,156
5010,170
5011,157
5012,168
5013,162
5014,166
5015,171
5016,186
5017,179
5018,157
5019,163
5020,144
5021,158
5022,168
5023,152
5024,160
5025,165
5026,147
5027,190
5028,211
5029,190
5030,173
5031,176
5032,161
5033,138
5034,153
5035,168
5036,142
5037,169
5038,199
5039,150
5040,160
5041,141
5042,178
5043,158
5044,168
5045,174
5046,161
5047,165
5048,207
5049,164
5050,164
5051,139
5052,174
5053,179
5054,147
5055,115
5056,154
5057,131
5058,143
5059,140
5060,135
5061,138
5062,165
5063,165
5064,136
5065,159
5066,151
5067,125
5068,137
5069,146
5070,184
5071,149
5072,148
5073,150
5074,152
5075,154
5076,162
5077,133
5078,151
5079,170
5080,166
5081,157
5082,154
5083,142
5084,141
5085,152
5086,156
5087,141
5088,151
5089,153
5090,145
5091,147
5092,159
5093,138
5094,171
5095,173
5096,155
5097,172
5098,187
5099,191
5100,158
5101,183
5102,196
5103,171
5104,126
5105,173
5106,149
5107,144
5108,164
5109,143
5110,136
5111,155
5112,165
5113,158
5114,179
5115,143
5116,140
5117,153
5118,140
5119,117
5120,151
5121,143
5122,150
5123,131
5124,153
5125,187
5126,131
5127,159
5128,158
5129,134
5130,143
5131,139
5132,170
5133,146
5134,135
5135,150
5136,133
5137,180
5138,162
5139,141
5140,139
5141,110
5142,152
5143,161
5144,145
5145,135
5146,136
5147,135
5148,150
5149,159
5150,142
5151,151
5152,166
5153,155
5154,139
5155,123
5156,175
5157,189
5158,179
5159,138
5160,131
5161,147
5162,162
5163,154
5164,129
5165,157
5166,161
5167,182
5168,161
5169,156
5170,159
5171,152
5172,139
5173,126
5174,140
5175,127
5176,178
5177,131
5178,109
5179,149
5180,151
5181,149
5182,151
5183,157
5184,131
5185,143
5186,117
5187,135
5188,123
5189,169
5190,155
5191,130
5192,175
5193,131
5194,117
5195,133
5196,162
5197,162
5198,148
5199,145
5200,141
5201,153
5202,150
5203,110
5204,151
5205,140
5206,141
5207,147
5208,163
5209,151
5210,130
5211,159
5212,120
5213,162
5214,142
5215,150
5216,147
5217,150
5218,116
5219,161
5220,141
5221,120
5222,134
5223,163
5224,151
5225,120
5226,152
5227,125
5228,136
5229,138
5230,137
5231,93
5232,159
5233,166
5234,191
5235,125
5236,177
5237,96
5238,144
5239,166
5240,141
5241,146
5242,138
5243,130
5244,111
5245,144
5246,147
5247,142
5248,123
5249,141
5250,118
5251,153
5252,130
5253,129
5254,195
5255,145
5256,126
5257,118
5258,126
5259,128
5260,168
5261,153
5262,127
5263,109
5264,113
5265,121
5266,133
5267,149
5268,133
5269,133
5270,129
5271,138
5272,150
5273,134
5274,139
5275,135
5276,126
5277,144
5278,122
5279,143
5280,128
5281,133
5282,135
5283,116
5284,110
5285,123
5286,117
5287,148
5288,154
5289,109
5290,145
5291,135
5292,146
5293,129
5294,146
5295,136
5296,143
5297,124
5298,137
5299,104
5300,143
5301,154
5302,133
5303,142
5304,141
5305,142
5306,119
5307,117
5308,113
5309,112
5310,136
5311,161
5312,139
5313,108
5314,158
5315,117
5316,114
5317,115
5318,117
5319,123
5320,118
5321,131
5322,130
5323,161
5324,165
5325,147
5326,124
5327,144
5328,120
5329,116
5330,155
5331,109
5332,137
5333,146
5334,116
5335,114
5336,134
5337,126
5338,120
5339,124
5340,159
5341,132
5342,128
5343,148
5344,124
5345,118
5346,125
5347,119
5348,144
5349,153
5350,143
5351,134
5352,129
5353,126
5354,140
5355,119
5356,131
5357,124
5358,150
5359,122
5360,109
5361,125
5362,124
5363,170
5364,114
5365,131
5366,134
5367,131
5368,136
5369,113
5370,139
5371,119
5372,110
5373,146
5374,111
5375,148
5376,143
5377,103
5378,126
5379,98
5380,137
5381,136
5382,128
5383,121
5384,159
5385,132
5386,129
5387,133
5388,118
5389,154
5390,121
5391,142
5392,94
5393,127
5394,135
5395,128
5396,129
5397,138
5398,127
5399,110
5400,137
5401,134
5402,110
5403,135
5404,123
5405,120
5406,136
5407,119
5408,113
5409,103
5410,121
5411,115
5412,130
5413,125
5414,96
5415,128
5416,101
5417,101
5418,143
5419,107
5420,115
5421,137
5422,133
5423,146
5424,118
5425,135
5426,134
5427,129
5428,140
5429,112
5430,102
5431,119
5432,120
5433,146
5434,113
5435,123
5436,125
5437,100
5438,131
5439,120
5440,144
5441,109
5442,126
5443,125
5444,138
5445,109
5446,138
5447,110
5448,141
5449,104
5450,123
5451,119
5452,113
5453,110
5454,153
5455,105
5456,133
5457,104
5458,111
5459,131
5460,110
5461,102
5462,102
5463,151
5464,111
5465,104
5466,113
5467,127
5468,135
5469,131
5470,121
5471,135
5472,133
5473,116
5474,95
5475,115
5476,122
5477,146
5478,138
5479,110
5480,143
5481,120
5482,107
5483,117
5484,101
5485,126
5486,143
5487,142
5488,102
5489,102
5490,116
5491,144
5492,159
5493,120
5494,105
5495,97
5496,127
5497,126
5498,142
5499,143
5500,110
5501,120
5502,115
5503,168
5504,112
5505,116
5506,125
5507,126
5508,119
5509,117
5510,103
5511,131
5512,107
5513,115
5514,100
5515,105
5516,121
5517,108
5518,114
5519,129
5520,108
5521,110
5522,128
5523,98
5524,118
5525,134
5526,109
5527,123
5528,105
5529,143
5530,110
5531,118
5532,127
5533,124
5534,115
5535,113
5536,90
5537,110
5538,130
5539,104
5540,121
5541,122
5542,105
5543,103
5544,99
5545,113
5546,108
5547,118
5548,119
5549,123
5550,119
5551,113
5552,97
5553,139
5554,108
5555,114
5556,116
5557,140
5558,107
5559,113
5560,84
5561,92
5562,105
5563,89
5564,121
5565,148
5566,98
5567,104
5568,99
5569,139
5570,129
5571,136
5572,125
5573,92
5574,114
5575,98
5576,118
5577,116
5578,93
5579,90
5580,108
5581,140
5582,108
5583,126
5584,114
5585,118
5586,113
5587,147
5588,111
5589,125
5590,92
5591,127
5592,85
5593,104
5594,113
5595,114
5596,99
5597,116
5598,110
5599,124
5600,103
5601,115
5602,115
5603,102
5604,119
5605,107
5606,82
5607,112
5608,97
5609,100
5610,86
5611,108
5612,91
5613,94
5614,134
5615,115
5616,130
5617,120
5618,116
5619,116
5620,121
5621,99
5622,139
5623,92
5624,130
5625,88
5626,108
5627,78
5628,136
5629,81
5630,110
5631,131
5632,132
5633,119
5634,116
5635,85
5636,127
5637,93
5638,95
5639,116
5640,111
5641,114
5642,117
5643,120
5644,109
5645,82
5646,111
5647,117
5648,125
5649,108
5650,115
5651,106
5652,105
5653,76
5654,87
5655,122
5656,102
5657,91
5658,129
5659,119
5660,95
5661,116
5662,101
5663,108
5664,103
5665,97
5666,95
5667,114
5668,89
5669,110
5670,88
5671,113
5672,109
5673,140
5674,114
5675,103
5676,125
5677,103
5678,99
5679,102
5680,107
5681,89
5682,96
5683,124
5684,101
5685,117
5686,107
5687,81
5688,127
5689,100
5690,106
5691,103
5692,115
5693,105
5694,110
5695,115
5696,97
5697,102
5698,107
5699,80
5700,93
5701,88
5702,115
5703,116
5704,81
5705,112
5706,117
5707,107
5708,88
5709,116
5710,126
5711,115
5712,112
5713,133
5714,97
5715,104
5716,110
5717,119
5718,79
5719,86
5720,105
5721,113
5722,103
5723,112
5724,94
5725,93
5726,89
5727,86
5728,85
5729,115
5730,103
5731,104
5732,80
5733,103
5734,91
5735,100
5736,118
5737,119
5738,107
5739,104
5740,104
5741,89
5742,95
5743,111
5744,79
5745,127
5746,101
5747,89
5748,87
5749,96
5750,87
5751,99
5752,103
5753,114
5754,103
5755,93
5756,106
5757,104
5758,110
5759,93
5760,98
5761,92
5762,88
5763,89
5764,89
5765,73
5766,90
5767,80
5768,102
5769,90
5770,77
5771,94
5772,89
5773,83
5774,93
5775,87
5776,109
5777,82
5778,90
5779,79
5780,91
5781,104
5782,109
5783,87
5784,87
5785,106
5786,104
5787,106
5788,112
5789,85
5790,111
5791,91
5792,88
5793,97
5794,99
5795,108
5796,110
5797,84
5798,85
5799,105
5800,110
5801,82
5802,117
5803,96
5804,79
5805,86
5806,97
5807,74
5808,96
5809,81
5810,116
5811,90
5812,77
5813,93
5814,94
5815,97
5816,99
5817,77
5818,83
5819,95
5820,78
5821,112
5822,106
5823,82
5824,91
5825,103
5826,97
5827,79
5828,86
5829,111
5830,108
5831,79
5832,103
5833,94
5834,89
5835,89
5836,120
5837,79
5838,76
5839,74
5840,89
5841,81
5842,99
5843,111
5844,82
5845,85
5846,83
5847,99
5848,95
5849,115
5850,108
5851,97
5852,109
5853,93
5854,84
5855,95
5856,92
5857,89
5858,100
5859,85
5860,80
5861,88
5862,108
5863,110
5864,81
5865,82
5866,106
5867,108
5868,67
5869,99
5870,85
5871,87
5872,79
5873,84
5874,87
5875,80
5876,101
5877,87
5878,73
5879,121
5880,104
5881,111
5882,78
5883,91
5884,96
5885,106
5886,97
5887,85
5888,79
5889,88
5890,93
5891,81
5892,69
5893,93
5894,79
5895,98
5896,91
5897,122
5898,71
5899,81
5900,80
5901,82
5902,88
5903,92
5904,83
5905,100
5906,85
5907,99
5908,128
5909,90
5910,117
5911,74
5912,84
5913,78
5914,91
5915,84
5916,94
5917,96
5918,98
5919,80
5920,88
5921,90
5922,76
5923,96
5924,100
5925,120
5926,83
5927,71
5928,102
5929,72
5930,85
5931,100
5932,103
5933,103
5934,94
5935,84
5936,85
5937,105
5938,108
5939,97
5940,91
5941,89
5942,100
5943,81
5944,87
5945,112
5946,91
5947,93
5948,88
5949,80
5950,85
5951,95
5952,71
5953,99
5954,102
5955,89
5956,77
5957,68
5958,88
5959,102
5960,84
5961,97
5962,83
5963,71
5964,96
5965,81
5966,91
5967,69
5968,99
5969,113
5970,100
5971,78
5972,78
5973,98
5974,92
5975,89
5976,78
5977,96
5978,73
5979,102
5980,89
5981,76
5982,88
5983,95
5984,87
5985,80
5986,77
5987,78
5988,86
5989,104
5990,87
5991,90
5992,77
5993,72
5994,92
5995,73
5996,98
5997,81
5998,81
5999,99
6000,95
6001,112
6002,88
6003,122
6004,82
6005,76
6006,81
6007,68
6008,84
6009,84
6010,93
6011,91
6012,78
6013,82
6014,82
6015,96
6016,82
6017,75
6018,80
6019,71
6020,114
6021,88
6022,85
6023,81
6024,98
6025,98
6026,75
6027,78
6028,103
6029,66
6030,85
6031,81
6032,85
6033,89
6034,78
6035,72
6036,93
6037,88
6038,116
6039,82
6040,87
6041,78
6042,70
6043,65
6044,89
6045,93
6046,90
6047,83
6048,70
6049,69
6050,86
6051,78
6052,74
6053,61
6054,82
6055,62
6056,86
6057,79
6058,68
6059,56
6060,74
6061,73
6062,65
6063,85
6064,71
6065,84
6066,81
6067,60
6068,87
6069,84
6070,77
6071,80
6072,98
6073,116
6074,67
6075,74
6076,65
6077,80
6078,68
6079,109
6080,59
6081,89
6082,64
6083,92
6084,65
6085,73
6086,83
6087,82
6088,73
6089,92
6090,73
6091,97
6092,88
6093,69
6094,72
6095,69
6096,75
6097,80
6098,83
6099,58
6100,72
6101,96
6102,79
6103,76
6104,70
6105,70
6106,95
6107,75
6108,82
6109,83
6110,91
6111,83
6112,51
6113,75
6114,79
6115,65
6116,84
6117,77
6118,105
6119,86
6120,79
6121,112
6122,71
6123,88
6124,70
6125,88
6126,74
6127,77
6128,64
6129,88
6130,92
6131,82
6132,71
6133,67
6134,77
6135,70
6136,76
6137,51
6138,85
6139,66
6140,75
6141,88
6142,90
6143,79
6144,71
6145,95
6146,81
6147,73
6148,89
6149,66
6150,78
6151,73
6152,69
6153,47
6154,90
6155,69
6156,68
6157,82
6158,81
6159,77
6160,87
6161,74
6162,64
6163,81
6164,69
6165,65
6166,84
6167,53
6168,68
6169,78
6170,54
6171,76
6172,81
6173,68
6174,78
6175,85
6176,78
6177,68
6178,62
6179,81
6180,77
6181,61
6182,61
6183,68
6184,85
6185,74
6186,90
6187,58
6188,79
6189,73
6190,71
6191,80
6192,73
6193,86
6194,102
6195,86
6196,93
6197,76
6198,67
6199,66
6200,70
6201,92
6202,84
6203,66
6204,78
6205,70
6206,77
6207,86
6208,57
6209,91
6210,73
6211,78
6212,90
6213,66
6214,73
6215,105
6216,103
6217,81
6218,68
6219,70
6220,65
6221,74
6222,83
6223,65
6224,66
6225,74
6226,81
6227,92
6228,70
6229,79
6230,72
6231,78
6232,66
6233,87
6234,73
6235,73
6236,75
6237,70
6238,86
6239,69
6240,79
6241,88
6242,92
6243,83
6244,66
6245,73
6246,73
6247,77
6248,81
6249,65
6250,75
6251,77
6252,83
6253,68
6254,91
6255,75
6256,64
6257,59
6258,93
6259,75
6260,48
6261,88
6262,80
6263,61
6264,66
6265,76
6266,83
6267,73
6268,91
6269,79
6270,61
6271,62
6272,60
6273,72
6274,59
6275,68
6276,71
6277,74
6278,90
6279,73
6280,71
6281,70
6282,86
6283,74
6284,91
6285,69
6286,70
6287,72
6288,80
6289,94
6290,70
6291,70
6292,89
6293,78
6294,79
6295,76
6296,58
6297,65
6298,62
6299,76
6300,60
6301,65
6302,91
6303,61
6304,74
6305,85
6306,50
6307,84
6308,63
6309,76
6310,52
6311,54
6312,62
6313,59
6314,63
6315,71
6316,45
6317,81
6318,91
6319,76
6320,52
6321,88
6322,65
6323,84
6324,64
6325,57
6326,69
6327,56
6328,76
6329,76
6330,64
6331,79
6332,52
6333,63
6334,67
6335,51
6336,70
6337,67
6338,46
6339,69
6340,74
6341,65
6342,81
6343,68
6344,81
6345,32
6346,72
6347,65
6348,53
6349,68
6350,75
6351,56
6352,69
6353,59
6354,68
6355,73
6356,81
6357,55
6358,79
6359,56
6360,83
6361,59
6362,65
6363,53
6364,65
6365,69
6366,60
6367,81
6368,65
6369,63
6370,78
6371,60
6372,61
6373,65
6374,67
6375,62
6376,64
6377,72
6378,69
6379,75
6380,69
6381,64
6382,72
6383,64
6384,59
6385,67
6386,63
6387,106
6388,68
6389,76
6390,72
6391,57
6392,75
6393,66
6394,61
6395,66
6396,73
6397,65
6398,85
6399,83
6400,68
6401,67
6402,67
6403,64
6404,61
6405,78
6406,56
6407,51
6408,53
6409,55
6410,62
6411,73
6412,59
6413,71
6414,79
6415,79
6416,71
6417,72
6418,72
6419,67
6420,87
6421,53
6422,79
6423,76
6424,75
6425,64
6426,62
6427,55
6428,76
6429,74
6430,48
6431,49
6432,59
6433,59
6434,64
6435,46
6436,90
6437,78
6438,60
6439,72
6440,66
6441,57
6442,74
6443,85
6444,57
6445,65
6446,40
6447,47
6448,59
6449,77
6450,62
6451,65
6452,65
6453,68
6454,58
6455,52
6456,48
6457,75
6458,54
6459,66
6460,72
6461,52
6462,49
6463,82
6464,70
6465,59
6466,53
6467,64
6468,64
6469,54
6470,78
6471,69
6472,72
6473,58
6474,63
6475,76
6476,62
6477,56
6478,80
6479,54
6480,76
6481,57
6482,73
6483,67
6484,68
6485,45
6486,67
6487,49
6488,42
6489,67
6490,63
6491,71
6492,79
6493,59
6494,68
6495,69
6496,68
6497,46
6498,81
6499,52
6500,57
6501,66
6502,64
6503,77
6504,47
6505,65
6506,57
6507,67
6508,64
6509,59
6510,72
6511,57
6512,67
6513,69
6514,43
6515,63
6516,58
6517,53
6518,72
6519,54
6520,50
6521,65
6522,61
6523,64
6524,58
6525,81
6526,61
6527,59
6528,80
6529,83
6530,56
6531,57
6532,60
6533,51
6534,53
6535,63
6536,76
6537,83
6538,65
6539,35
6540,58
6541,64
6542,64
6543,62
6544,56
6545,62
6546,71
6547,63
6548,67
6549,47
6550,67
6551,57
6552,64
6553,84
6554,52
6555,60
6556,71
6557,53
6558,46
6559,70
6560,42
6561,62
6562,56
6563,46
6564,49
6565,68
6566,61
6567,63
6568,51
6569,77
6570,41
6571,65
6572,64
6573,71
6574,76
6575,53
6576,92
6577,33
6578,74
6579,70
6580,63
6581,57
6582,56
6583,46
6584,58
6585,61
6586,74
6587,57
6588,63
6589,61
6590,59
6591,66
6592,65
6593,65
6594,50
6595,67
6596,47
6597,38
6598,49
6599,53
6600,78
6601,63
6602,64
6603,64
6604,74
6605,39
6606,63
6607,55
6608,66
6609,55
6610,68
6611,57
6612,67
6613,55
6614,57
6615,45
6616,60
6617,60
6618,73
6619,43
6620,53
6621,77
6622,61
6623,45
6624,64
6625,64
6626,67
6627,74
6628,52
6629,48
6630,61
6631,41
6632,47
6633,55
6634,49
6635,76
6636,52
6637,54
6638,55
6639,41
6640,98
6641,76
6642,60
6643,62
6644,64
6645,63
6646,62
6647,67
6648,45
6649,38
6650,48
6651,55
6652,59
6653,65
6654,52
6655,67
6656,63
6657,71
6658,53
6659,42
6660,56
6661,48
6662,43
6663,64
6664,54
6665,60
6666,59
6667,36
6668,62
6669,66
6670,56
6671,53
6672,68
6673,74
6674,54
6675,46
6676,53
6677,50
6678,54
6679,69
6680,68
6681,72
6682,70
6683,44
6684,56
6685,50
6686,51
6687,63
6688,74
6689,72
6690,63
6691,48
6692,61
6693,55
6694,70
6695,61
6696,64
6697,54
6698,55
6699,72
6700,59
6701,66
6702,57
6703,73
6704,58
6705,67
6706,50
6707,45
6708,43
6709,64
6710,55
6711,57
6712,64
6713,40
6714,68
6715,51
6716,67
6717,55
6718,50
6719,64
6720,58
6721,49
6722,70
6723,68
6724,54
6725,63
6726,49
6727,61
6728,48
6729,69
6730,59
6731,51
6732,48
6733,69
6734,65
6735,47
6736,48
6737,57
6738,69
6739,60
6740,50
6741,65
6742,72
6743,69
6744,60
6745,41
6746,60
6747,70
6748,84
6749,62
6750,83
6751,55
6752,61
6753,54
6754,67
6755,51
6756,64
6757,49
6758,42
6759,42
6760,40
6761,38
6762,50
6763,65
6764,52
6765,60
6766,71
6767,60
6768,62
6769,48
6770,44
6771,45
6772,50
6773,51
6774,44
6775,61
6776,50
6777,59
6778,59
6779,53
6780,64
6781,56
6782,49
6783,57
6784,58
6785,66
6786,38
6787,66
6788,63
6789,48
6790,46
6791,51
6792,51
6793,53
6794,56
6795,58
6796,76
6797,49
6798,58
6799,55
6800,49
6801,54
6802,55
6803,61
6804,62
6805,49
6806,44
6807,28
6808,58
6809,57
6810,42
6811,59
6812,64
6813,60
6814,62
6815,42
6816,63
6817,37
6818,48
6819,59
6820,49
6821,46
6822,48
6823,45
6824,59
6825,50
6826,55
6827,58
6828,77
6829,41
6830,56
6831,53
6832,66
6833,51
6834,54
6835,33
6836,52
6837,47
6838,53
6839,58
6840,56
6841,44
6842,36
6843,54
6844,40
6845,65
6846,52
6847,47
6848,38
6849,56
6850,52
6851,45
6852,36
6853,40
6854,50
6855,43
6856,54
6857,34
6858,49
6859,59
6860,77
6861,42
6862,51
6863,57
6864,42
6865,60
6866,54
6867,41
6868,55
6869,69
6870,64
6871,53
6872,39
6873,45
6874,43
6875,59
6876,45
6877,34
6878,51
6879,49
6880,72
6881,54
6882,51
6883,54
6884,49
6885,69
6886,62
6887,72
6888,27
6889,59
6890,49
6891,56
6892,55
6893,70
6894,63
6895,59
6896,42
6897,53
6898,38
6899,51
6900,43
6901,48
6902,54
6903,38
6904,47
6905,42
6906,37
6907,55
6908,51
6909,46
6910,52
6911,63
6912,57
6913,47
6914,41
6915,71
6916,40
6917,58
6918,44
6919,46
6920,52
6921,51
6922,59
6923,46
6924,59
6925,50
6926,65
6927,46
6928,46
6929,60
6930,63
6931,40
6932,46
6933,56
6934,83
6935,56
6936,63
6937,45
6938,47
6939,55
6940,61
6941,42
6942,55
6943,56
6944,71
6945,44
6946,48
6947,43
6948,54
6949,45
6950,49
6951,60
6952,52
6953,63
6954,38
6955,49
6956,64
6957,54
6958,27
6959,41
6960,46
6961,47
6962,31
6963,63
6964,42
6965,50
6966,46
6967,51
6968,56
6969,41
6970,52
6971,47
6972,48
6973,35
6974,46
6975,48
6976,45
6977,60
6978,51
6979,47
6980,46
6981,45
6982,33
6983,44
6984,44
6985,53
6986,48
6987,46
6988,41
6989,47
6990,41
6991,62
6992,40
6993,36
6994,60
6995,34
6996,39
6997,39
6998,78
6999,50
7000,41
7001,51
7002,43
7003,38
7004,45
7005,47
7006,32
7007,48
7008,55
7009,63
7010,49
7011,64
7012,37
7013,38
7014,52
7015,49
7016,34
7017,53
7018,35
7019,38
7020,52
7021,31
7022,54
7023,54
7024,45
7025,32
7026,50
7027,39
7028,52
7029,53
7030,47
7031,53
7032,43
7033,37
7034,41
7035,52
7036,50
7037,61
7038,46
7039,57
7040,50
7041,43
7042,44
7043,46
7044,51
7045,42
7046,40
7047,51
7048,38
7049,57
7050,47
7051,54
7052,50
7053,34
7054,56
7055,34
7056,49
7057,43
7058,76
7059,43
7060,52
7061,38
7062,56
7063,44
7064,59
7065,32
7066,43
7067,53
7068,42
7069,50
7070,46
7071,35
7072,39
7073,57
7074,45
7075,42
7076,47
7077,31
7078,35
7079,59
7080,45
7081,63
7082,41
7083,55
7084,43
7085,54
7086,52
7087,68
7088,43
7089,43
7090,40
7091,28
7092,42
7093,36
7094,49
7095,41
7096,53
7097,38
7098,60
7099,41
7100,54
7101,42
7102,54
7103,43
7104,49
7105,41
7106,40
7107,54
7108,58
7109,45
7110,52
7111,43
7112,55
7113,49
7114,45
7115,53
7116,40
7117,42
7118,42
7119,37
7120,47
7121,44
7122,35
7123,47
7124,35
7125,48
7126,49
7127,51
7128,47
7129,50
7130,43
7131,66
7132,51
7133,49
7134,42
7135,56
7136,31
7137,55
7138,47
7139,54
7140,46
7141,36
7142,40
7143,43
7144,47
7145,52
7146,43
7147,33
7148,36
7149,46
7150,40
7151,41
7152,43
7153,50
7154,34
7155,36
7156,40
7157,50
7158,62
7159,35
7160,62
7161,45
7162,38
7163,54
7164,33
7165,38
7166,54
7167,38
7168,54
7169,53
7170,45
7171,39
7172,34
7173,48
7174,48
7175,34
7176,41
7177,34
7178,50
7179,47
7180,52
7181,47
7182,34
7183,30
7184,44
7185,47
7186,35
7187,41
7188,33
7189,39
7190,52
7191,32
7192,41
7193,47
7194,39
7195,34
7196,46
7197,33
7198,61
7199,58
7200,44
